{"packFileHash":{"type":"sha256","value":"afdcf47c5a49676139fb1739c6ac4fc622f9fb4c3f20f9db1672c67dc4ab2bc1"},"indexFileHash":{"type":"sha256","value":"b64bc67b0f7c28eeff2e6ad279ff44e831cee2f31f8d096a115bc6521b8ef665"},"cachedFiles":{"mods/supplementaries.pw.toml":{"hash":{"type":"sha256","value":"a1d0d9eb65ca99c298bb55306b0d18d301ccc22d262494e6d50db7e7882e937e"},"linkedFileHash":{"type":"sha1","value":"de53dd9a46c81ab5052301f9c15d4aceee7c6fd2"},"cachedLocation":"mods/supplementaries-1.18.2-1.4.6.jar","optionValue":true},"mods/jer-integration.pw.toml":{"hash":{"type":"sha256","value":"b18db74eca477a7f1c5f920250b9429fb89fdd5d36382e34c94fc843697fa8cf"},"linkedFileHash":{"type":"sha1","value":"976465632c28eefe9423aba7476a25fd2510d763"},"cachedLocation":"mods/JER-Integration-3.3.1.jar","optionValue":true},"mods/just-enough-professions-jep.pw.toml":{"hash":{"type":"sha256","value":"7a411c9c5e9704c257fa05df195e970b17410df795190f35d8771a613efd90af"},"linkedFileHash":{"type":"sha1","value":"38a6ce7ee303899b35dca8bc556eb6534e675b37"},"cachedLocation":"mods/JustEnoughProfessions-1.18.2-1.2.2.jar","optionValue":true},"mods/create-stuff-additions.pw.toml":{"hash":{"type":"sha256","value":"5a7b966d8276fce0b2f5ab29728451e3dc93d7e88e61a0bb3caa797bf28328d9"},"linkedFileHash":{"type":"sha1","value":"817821e95355aee5ee5fa0babe9b2364fe9b8fe9"},"cachedLocation":"mods/create-stuff-additions1.18.2_v1.1.6.jar","optionValue":true},"mods/compact-machines.pw.toml":{"hash":{"type":"sha256","value":"3c6f8671e6d7aa04b262510e8d2b9b58c91795f8c899135fd45eb5418300958d"},"linkedFileHash":{"type":"sha1","value":"25a9c94114c753ba09484cce52fb84811fa40d06"},"cachedLocation":"mods/compactmachines-4.3.0.jar","optionValue":true},"mods/structure-gel-api.pw.toml":{"hash":{"type":"sha256","value":"982d33b548ca9e3ef839b65ee3b5df2dd4b4448cff1bdad4d872a7efc14ce428"},"linkedFileHash":{"type":"sha1","value":"fb3546b5c4297f6e9ff0ad33fd34975a77b629fe"},"cachedLocation":"mods/structure_gel-1.18.2-2.4.4.jar","optionValue":true},"mods/natures-compass.pw.toml":{"hash":{"type":"sha256","value":"7a58e34ad1ce5784ba3a6b2247315dc3a4e6757a56403e0b122f17e0c8a0f6cf"},"linkedFileHash":{"type":"sha1","value":"a26c57771577844382519c320876d773c28e6626"},"cachedLocation":"mods/NaturesCompass-1.18.2-1.9.5-forge.jar","optionValue":true},"mods/xnet-gases.pw.toml":{"hash":{"type":"sha256","value":"894c76fb63e5361f5c165f142fa0cd59da9689a3b00d15cc0f9af6e2d06042dc"},"linkedFileHash":{"type":"sha1","value":"5db253552d07070d9aac3d8c2ed4a5f7abbcb716"},"cachedLocation":"mods/XNetGases-1.18.2-3.0.0.jar","optionValue":true},"mods/smooth-chunk-save.pw.toml":{"hash":{"type":"sha256","value":"7863c6ff5c8ee607d67b7f8065904f99a81903f983adc7dca35184e760358993"},"linkedFileHash":{"type":"sha1","value":"b0ddccb45428c0ac454d11d69b27e405de951c00"},"cachedLocation":"mods/smoothchunk-1.18.2-1.9.jar","optionValue":true},"mods/yungs-api.pw.toml":{"hash":{"type":"sha256","value":"1b7cd65a70f699874738e98bf2300b4406a295bcb17760d48876db19abf50c5a"},"linkedFileHash":{"type":"sha1","value":"1790e2cde07a92adb5bf2ef812b5aab61c81bb32"},"cachedLocation":"mods/YungsApi-1.18.2-Forge-2.0.8.jar","optionValue":true},"mods/entityculling.pw.toml":{"hash":{"type":"sha256","value":"7becbc1a164ee7edf869baac24f0dd2652cc007bfbe11c61deccf1e931226c8f"},"linkedFileHash":{"type":"sha1","value":"fbf6368cd26d878ce3d75e899f039a1e51fa49a3"},"cachedLocation":"mods/entityculling-forge-mc1.18-1.5.1.jar","optionValue":true},"mods/applied-botanics-addon.pw.toml":{"hash":{"type":"sha256","value":"687ac1414270fbbca0c8bdd74470bcc03870e558e938d5bd49e93e1312e71f72"},"linkedFileHash":{"type":"sha1","value":"ea406a8b38df472ade24f081da9cfdec01a8e15e"},"cachedLocation":"mods/Applied-Botanics-1.0.1.jar","optionValue":true},"mods/compressedcreativity.pw.toml":{"hash":{"type":"sha256","value":"a0bf4e9c1850ed4bc207fcd2d46e31b62e0f86825343275f7d06bece99cbc288"},"linkedFileHash":{"type":"sha1","value":"4a6b954335cb718ff6f502b463b9e2327229a027"},"cachedLocation":"mods/compressedcreativity-1.18.2-0.0.11.jar","optionValue":true},"mods/configured.pw.toml":{"hash":{"type":"sha256","value":"33436dd644cc903c0006df71f7f846f46a12e0338a2865eb5826fa0205120731"},"linkedFileHash":{"type":"sha1","value":"c6be107c43666391ea5e25e847df2b96c2230bc3"},"cachedLocation":"mods/configured-1.5.3-1.18.2.jar","optionValue":true},"mods/tinkers-construct.pw.toml":{"hash":{"type":"sha256","value":"4275242bc6cd5ff6a7b23463f3921fc3bced4b9fc2e5f4a634ec5be96d0e21e2"},"linkedFileHash":{"type":"sha1","value":"a78661bfdb32450ac28e567aa0607717d7ea2e22"},"cachedLocation":"mods/TConstruct-1.18.2-3.5.1.31.jar","optionValue":true},"mods/hidden-recipe-book.pw.toml":{"hash":{"type":"sha256","value":"b91fb4f286ed9279f626d6a639566c82927af895bd56872843517f185ce2f662"},"linkedFileHash":{"type":"sha1","value":"464205de6c3723a33b7faa1f891d578d8ca8cb4e"},"cachedLocation":"mods/hiddenrecipebook_1.18.2-2.4.jar","optionValue":true},"mods/rftools-power.pw.toml":{"hash":{"type":"sha256","value":"02c1874d3f763289022e9f6e4bbe3515296be8ab091839bcb06ae9ebf08ce3db"},"linkedFileHash":{"type":"sha1","value":"fa484bca0e1b79ef1bd1802086d27760d7c6558c"},"cachedLocation":"mods/rftoolspower-1.18-4.0.5.jar","optionValue":true},"mods/patchouli.pw.toml":{"hash":{"type":"sha256","value":"ae4c3617170709ac560c8113f1526193e79750735d12bbc2d5119f518b866799"},"linkedFileHash":{"type":"sha1","value":"89e1aa7994794a3476ef6de31461eb1ce78da02d"},"cachedLocation":"mods/Patchouli-1.18.2-71.1.jar","optionValue":true},"mods/additional-lanterns.pw.toml":{"hash":{"type":"sha256","value":"18e3473d700753b3bb678392fe7d418cc66772380b3f53c8b55df278250e7550"},"linkedFileHash":{"type":"sha1","value":"a2f4d6c81404ce6ad073e59c8966306cc48b0625"},"cachedLocation":"mods/additionallanterns-1.0.1-mc1.18.jar","optionValue":true},"mods/balm.pw.toml":{"hash":{"type":"sha256","value":"131da55792beda303fa3526bf6b413ba43ca0a0a4a0b811f89d7c38dd6fe3df4"},"linkedFileHash":{"type":"sha1","value":"c8c7c2d27acccf240865a4ca881e2b76988a79f2"},"cachedLocation":"mods/balm-3.1.0+0.jar","optionValue":true},"mods/cosmetic-armor-reworked.pw.toml":{"hash":{"type":"sha256","value":"2bd16e7347caef9518bfc453dc3e7129739b7d121071a98d61d9e3519e4f6914"},"linkedFileHash":{"type":"sha1","value":"4dd1417ccd8ab2c2d78a979bf31ff67f871f5288"},"cachedLocation":"mods/CosmeticArmorReworked-1.18.2-v2.jar","optionValue":true},"mods/ferritecore.pw.toml":{"hash":{"type":"sha256","value":"5cc2822b0265c3f8202bf41f814e96fb6ff41c86159322bb05bb13d8babc0234"},"linkedFileHash":{"type":"sha1","value":"ba3071bf50a8ffae349b7eca514415014e939267"},"cachedLocation":"mods/ferritecore-4.2.1-forge.jar","optionValue":true},"mods/lazy-dfu-forge.pw.toml":{"hash":{"type":"sha256","value":"ebb19e9c7a826f2d820671cdb8fc3aebb45cccf0751235b46a20701b9a6772b4"},"linkedFileHash":{"type":"sha1","value":"069f72997244b57b76c96ac86faa37b1838d52de"},"cachedLocation":"mods/lazydfu-1.0-1.18+.jar","optionValue":true},"mods/advanced-peripherals.pw.toml":{"hash":{"type":"sha256","value":"8390b3bbeeac78407a6604cc440ae8fa8d923d214d99be9b2aad75054541a77e"},"linkedFileHash":{"type":"sha1","value":"2e126279976a88a39e031753aaf0e99ad3e49cc8"},"cachedLocation":"mods/advancedperipherals-1.18.2-0.7.15b.jar","optionValue":true},"mods/better-fps-render-distance.pw.toml":{"hash":{"type":"sha256","value":"870463293308fb73af014c9adf6b5631edb9e745af8de337726f0b0c0eef74d7"},"linkedFileHash":{"type":"sha1","value":"00a1e55481f45aa43ab5f72ba146b81c770568d5"},"cachedLocation":"mods/betterfpsdist-1.18.2-1.5.jar","optionValue":true},"mods/allthemodium.pw.toml":{"hash":{"type":"sha256","value":"498d9a096e34036fb8affd6081bfd6c1338d4508c494bd1d40e6d4f747448c53"},"linkedFileHash":{"type":"sha1","value":"869b209abebc3401e4878edd15f41947414e25ca"},"cachedLocation":"mods/allthemodium-1.8.5-1.18.2-40.1.0.jar","optionValue":true},"mods/baubley-heart-canisters.pw.toml":{"hash":{"type":"sha256","value":"ca0f803024d815f4981a16e147f67b3d969692a016e017126950c8ea23a74b60"},"linkedFileHash":{"type":"sha1","value":"03ec11c29fc47644ca6c1db11de98eb3deb4c596"},"cachedLocation":"mods/baubley-heart-canisters-1.18.2-1.0.0.jar","optionValue":true},"mods/ensorcellation.pw.toml":{"hash":{"type":"sha256","value":"4c948b97f01f941ee8c85898159ab282839c2e6011f5650d09e617d59dff9798"},"linkedFileHash":{"type":"sha1","value":"0db7c5179242af649dbd5438cb544588b3ebb7c6"},"cachedLocation":"mods/ensorcellation-1.18.2-1.6.1.8.jar","optionValue":true},"mods/yungs-bridges.pw.toml":{"hash":{"type":"sha256","value":"2a06398075227d1fea776e7cc5dcce97f1242a53d7697252261f4d9c88d73a92"},"linkedFileHash":{"type":"sha1","value":"c3a4dca025adead5b297a403cc3b03e71d8e739b"},"cachedLocation":"mods/YungsBridges-1.18.2-Forge-2.1.0.jar","optionValue":true},"mods/super-circuit-maker.pw.toml":{"hash":{"type":"sha256","value":"99ca176536dc542556a8cdc7efdcc565bc09586531fd3971ec4f0fa4d5f79481"},"linkedFileHash":{"type":"sha1","value":"6a5265e024852b2f66db7962633c8e879e8f7634"},"cachedLocation":"mods/SuperCircuitMaker2-0.2.9+1.18.2.jar","optionValue":true},"mods/little-contraptions.pw.toml":{"hash":{"type":"sha256","value":"6d9d71fba235859ffcb61730d78e6abbd21b093a9ddf4a3f4de849dcbbb48fde"},"linkedFileHash":{"type":"sha1","value":"3dabd934fec7a38fd210f8f52d4353d9e6cb4fac"},"cachedLocation":"mods/littlecontraptions-forge-1.18.2.0.jar","optionValue":true},"mods/geckolib.pw.toml":{"hash":{"type":"sha256","value":"5b67d3941dd20ab1a911d81f4a065b7bc2282ae4543d237702917d7f52211f63"},"linkedFileHash":{"type":"sha1","value":"099e7bfc58e0b3ab1f21c62e7af1bc89d5b1e412"},"cachedLocation":"mods/geckolib-forge-1.18-3.0.27.jar","optionValue":true},"mods/longer-login-times.pw.toml":{"hash":{"type":"sha256","value":"29c30c9c3187ba9f19c30cca9b7bbd0e3f72ded8fbbd1b9e11fbccd62615be4d"},"linkedFileHash":{"type":"sha1","value":"9d6356edae1738cda582b42ed8c46b99dd7fb2bb"},"cachedLocation":"mods/longerlogintimes-1.0.0-mc1.18.jar","optionValue":true},"mods/thermal-integration.pw.toml":{"hash":{"type":"sha256","value":"a9004238b4abf056c1de8ef6b6466b2d1d085c1d256b5f68b980dc4e034b5c3b"},"linkedFileHash":{"type":"sha1","value":"02a9fb98a741b4b5e5e34d95490a191ffc5308ca"},"cachedLocation":"mods/thermal_integration-1.18.2-1.6.3.7.jar","optionValue":true},"mods/corpse.pw.toml":{"hash":{"type":"sha256","value":"4f4d1b11afed0ce9c7723f0e5d13806c195930583887cc8fcaa5682e48a6b08d"},"linkedFileHash":{"type":"sha1","value":"e98234b7ef6756d0388ce995cbd5df1fc8f73dd2"},"cachedLocation":"mods/corpse-1.18.2-1.0.2.jar","optionValue":true},"mods/no-villager-death-messages.pw.toml":{"hash":{"type":"sha256","value":"0fc78b8828037acdee0bf8f1077b00f30289e97640eda931e002d9793c854018"},"linkedFileHash":{"type":"sha1","value":"461f86d0f9408bb5f1268ad01640fcfeb4ca55e7"},"cachedLocation":"mods/novillagerdm-1.18.1-3.0.0.jar","optionValue":true},"mods/cc-tweaked.pw.toml":{"hash":{"type":"sha256","value":"10c01558930a1328bfaa4d3d843ddc3bf88d795d16324c2355adc39dcc6312d4"},"linkedFileHash":{"type":"sha1","value":"34001c36dae25f16638a7c22f96517054bb913f6"},"cachedLocation":"mods/cc-tweaked-1.18.2-1.100.8.jar","optionValue":true},"mods/u-team-core.pw.toml":{"hash":{"type":"sha256","value":"161cac44d782a8663b88b031d1f43995129bc08624a1617c05d88fa2f6b079bd"},"linkedFileHash":{"type":"sha1","value":"de49fafa646281866d17e42b1c448d3e125168c7"},"cachedLocation":"mods/u_team_core-1.18.2-4.0.1.216.jar","optionValue":true},"mods/ftb-industrial-contraptions-forge.pw.toml":{"hash":{"type":"sha256","value":"84cde03e162530de34f90097900e3c911f573b0bdd3ebbbbdea52be0f6aa7077"},"linkedFileHash":{"type":"sha1","value":"ae463c4c3b7a160c748ccddb87029837382dbfaf"},"cachedLocation":"mods/ftb-industrial-contraptions-1802.1.6-build.182.jar","optionValue":true},"mods/thermal-expansion.pw.toml":{"hash":{"type":"sha256","value":"acde76ce2d1dcf489d3785ef04ebc49c3af7a07132a4d85e35e83fef6a489d8f"},"linkedFileHash":{"type":"sha1","value":"fe9819c2ac43c75ad6b89f27407bab66a0cebf6f"},"cachedLocation":"mods/thermal_expansion-1.18.2-1.6.3.13.jar","optionValue":true},"mods/productivebees.pw.toml":{"hash":{"type":"sha256","value":"d28a750d51f59cec319cd79ca927a0fb07c612136a8e222b5b28b5a6f55b3a91"},"linkedFileHash":{"type":"sha1","value":"6fb1f13a9fb775ccc78c2f1f2c8664607ccd572a"},"cachedLocation":"mods/productivebees-1.18.2-0.9.0.7.jar","optionValue":true},"mods/rubidium.pw.toml":{"hash":{"type":"sha256","value":"ea55d78440fa1289587ff06497b92d9cfe988bb4164fcdddf42dd9dc83fd0779"},"linkedFileHash":{"type":"sha1","value":"f2104b404a0508daa1b362de9a491b69aaf26175"},"cachedLocation":"mods/rubidium-0.5.2a.jar","optionValue":true},"mods/titanium.pw.toml":{"hash":{"type":"sha256","value":"16b603b8dd4343a9596ca638f3b30b5a3d2b9d78874079db241115f0eac96bf4"},"linkedFileHash":{"type":"sha1","value":"5c0681ab0ece1d8fd3bb5ad32000ac5d6af37724"},"cachedLocation":"mods/titanium-1.18.2-3.5.6-38.jar","optionValue":true},"mods/flywheel.pw.toml":{"hash":{"type":"sha256","value":"1ad39bf13de8391ebd87c7788f18c61a45d823ca03496cfa67092088b1919bc5"},"linkedFileHash":{"type":"sha1","value":"14e008e1c93af508b32d1f37175b03a71404b63a"},"cachedLocation":"mods/flywheel-forge-1.18-0.6.2.jar","optionValue":true},"mods/quartz.pw.toml":{"hash":{"type":"sha256","value":"53d39a0da8378d0a243e4d589ae84d2ddd712093047623d196442a49bc8df7e9"},"linkedFileHash":{"type":"sha1","value":"5e4f24d4437f8e6865fbc58cf7b1efa492a63a6f"},"cachedLocation":"mods/quartz-1.18.2-0.0.0-beta.1.3.jar","optionValue":true},"mods/expandability.pw.toml":{"hash":{"type":"sha256","value":"2ecdf3ae76d4ad10da711a93c966f6306c1bfdec39fe9f6c356000e600bf5844"},"linkedFileHash":{"type":"sha1","value":"9f6a758dea9f329a1101a83b37a2b4e7f5a191e2"},"cachedLocation":"mods/expandability-6.0.0.jar","optionValue":true},"mods/pneumaticcraft-repressurized.pw.toml":{"hash":{"type":"sha256","value":"6d8d21a638b2f2b4986f9a0372d6aaa11a13d5e36087dc43d191b0045be7f0ce"},"linkedFileHash":{"type":"sha1","value":"bbe1510efe455a62cb8cf86d830b4c4dc9500fdd"},"cachedLocation":"mods/pneumaticcraft-repressurized-1.18.2-3.3.0-99.jar","optionValue":true},"mods/evilcraft.pw.toml":{"hash":{"type":"sha256","value":"7b75ea87831eee5346423a44a76fdb34a21b99c6a69ef4fc7c65d38cb8ef41f6"},"linkedFileHash":{"type":"sha1","value":"a835ffaa545093acafb809a42f4f41f5774ba9af"},"cachedLocation":"mods/EvilCraft-1.18.2-1.2.0.jar","optionValue":true},"mods/blue-skies.pw.toml":{"hash":{"type":"sha256","value":"acee936dece13a20480102ee02af50b5a474dc9db7c1170be230a0bbb157f60c"},"linkedFileHash":{"type":"sha1","value":"2cbe0e3709a852103afe5bb681cc30cca359683a"},"cachedLocation":"mods/blue_skies-1.18.2-1.3.12.jar","optionValue":true},"mods/apotheosis.pw.toml":{"hash":{"type":"sha256","value":"0c4e32eba3de299f9b96996a53902d450430eb58c89b9b6c881b8cd3acb0aa76"},"linkedFileHash":{"type":"sha1","value":"600c6628c1721687f7a83daab03b83781807bb8a"},"cachedLocation":"mods/Apotheosis-1.18.2-5.3.6.jar","optionValue":true},"mods/phosphophyllite.pw.toml":{"hash":{"type":"sha256","value":"b51e7c59cce8ad7b6789648167813c4178a19d0f15d406bae2e837c45f129285"},"linkedFileHash":{"type":"sha1","value":"e6c315d99507d6e0f0892078153dbf2fd01cf0ab"},"cachedLocation":"mods/phosphophyllite-1.18.2-0.6.0-beta.1.2.jar","optionValue":true},"mods/yungs-extras.pw.toml":{"hash":{"type":"sha256","value":"25ca73ede906cc0162479b6fefaafa3d4c79f97ccd3580cbb3df2755322c7099"},"linkedFileHash":{"type":"sha1","value":"16028c137995a33d508cc1109fa75b3020dd4e8c"},"cachedLocation":"mods/YungsExtras-1.18.2-Forge-2.1.0.jar","optionValue":true},"mods/ranged-pumps.pw.toml":{"hash":{"type":"sha256","value":"0c0ad2ed83201088421dcaf87bb666ef8a72e870944972b4c0e5b61c89dabb24"},"linkedFileHash":{"type":"sha1","value":"1b859262754385a69707d8240e007cdd3bef00a0"},"cachedLocation":"mods/rangedpumps-0.9.2.jar","optionValue":true},"mods/pipez.pw.toml":{"hash":{"type":"sha256","value":"cdafaa5cc3d15b4d4937db9699bf8d5dbcd194cb9a06b16ceecd30d8143d3016"},"linkedFileHash":{"type":"sha1","value":"682ec5966f21786ebbda23138fb72aa5d86a503f"},"cachedLocation":"mods/pipez-1.18.2-1.1.5.jar","optionValue":true},"mods/rftools-utility.pw.toml":{"hash":{"type":"sha256","value":"ff409d0b2b62eb669282869e3ce7c297cf00bc8ff0113106d66713198b13cde3"},"linkedFileHash":{"type":"sha1","value":"8b72322e229a91d6c6a951db2a5a5009a6904d15"},"cachedLocation":"mods/rftoolsutility-1.18-4.0.16.jar","optionValue":true},"mods/the-graveyard-forge.pw.toml":{"hash":{"type":"sha256","value":"aa1d7e91143310d5bcdaf7b956abda8829981c7d48c1ca38fbfbcdcb9fba640c"},"linkedFileHash":{"type":"sha1","value":"63d2c18fca0d314d7c78e6cca67925e1ec8dc76e"},"cachedLocation":"mods/The_Graveyard_1.9.1_(FORGE)_for_1.18.2.jar","optionValue":true},"mods/magnesium-extras.pw.toml":{"hash":{"type":"sha256","value":"186cb1642db76bc34f7bfc2fde6b8e0f53cb64d01d30410bf4ca4cbb5b6bd06e"},"linkedFileHash":{"type":"sha1","value":"9fb896dceb3fd093b379fc3e7fe2a01460063278"},"cachedLocation":"mods/rubidium_extras-1.18.2_v1.3.1.jar","optionValue":true},"mods/fps-reducer.pw.toml":{"hash":{"type":"sha256","value":"0de6372b393860455e476febfba42357c4386fc78bcd3ac747e88a60f8dbc30b"},"linkedFileHash":{"type":"sha1","value":"90e5cfff15e6b50862073a16e5769fd05ab4d8e0"},"cachedLocation":"mods/FpsReducer2-forge-1.18.2-2.0.jar","optionValue":true},"mods/item-collectors.pw.toml":{"hash":{"type":"sha256","value":"accd0fb59526a176bfe9cb699c223c4135038bc325457c25fb90062f5ad0d826"},"linkedFileHash":{"type":"sha1","value":"a57ed02fbd755b3b64ea868df257285a02924dff"},"cachedLocation":"mods/itemcollectors-1.1.5-mc1.18.jar","optionValue":true},"mods/ai-improvements.pw.toml":{"hash":{"type":"sha256","value":"5fe98822fbe3adef3dcdac8343ca57178cd80b29088f3933a203ec86416ac8c7"},"linkedFileHash":{"type":"sha1","value":"555b775e8dafe0474e73a321d6244b0227c19865"},"cachedLocation":"mods/AI-Improvements-1.18.2-0.5.0.jar","optionValue":true},"mods/polymorph.pw.toml":{"hash":{"type":"sha256","value":"ed0fcdae68f0f046f6b25c7e8da92b37b5a29aeab8d399e0f2514a3186b1d641"},"linkedFileHash":{"type":"sha1","value":"064028a8c750ace31d61a2f443e775570598d9e4"},"cachedLocation":"mods/polymorph-forge-1.18.2-0.44.jar","optionValue":true},"mods/artifacts.pw.toml":{"hash":{"type":"sha256","value":"ce250bc5d036cd0721ef45d95cdffadd1e24d8e6079575dc3a086c534187f460"},"linkedFileHash":{"type":"sha1","value":"315b75e8563b4a58b45c723684ad1611e5232791"},"cachedLocation":"mods/artifacts-1.18.2-4.1.0.jar","optionValue":true},"mods/smooth-boot-reloaded.pw.toml":{"hash":{"type":"sha256","value":"d3771c9ea207ea51c7f6717b7dab1853130635b4506bbe88e9c7b4c1a5909479"},"linkedFileHash":{"type":"sha1","value":"6cd9e32ff05d99367097423a121cc4819cd0f360"},"cachedLocation":"mods/smoothboot-mc1.18.2-1.0.0.jar","optionValue":true},"mods/yungs-better-strongholds.pw.toml":{"hash":{"type":"sha256","value":"2eae47e79517a349e5c76ab4228254d1cbebcdaeb32ee1ee69026b888caaf970"},"linkedFileHash":{"type":"sha1","value":"459544cdf10d21f1bc180e33e9fe8cbdb064b7b3"},"cachedLocation":"mods/YungsBetterStrongholds-1.18.2-Forge-2.1.1.jar","optionValue":true},"mods/domum-ornamentum.pw.toml":{"hash":{"type":"sha256","value":"36bae8609f27de678aa819818d8f38dca272c611120b25ced51df2c5381c0349"},"linkedFileHash":{"type":"sha1","value":"94c9792f3a07b702fb761e49e4085dd26cd26944"},"cachedLocation":"mods/domum_ornamentum-1.18.2-1.0.54-ALPHA-universal.jar","optionValue":true},"mods/connectivity.pw.toml":{"hash":{"type":"sha256","value":"7b6e63c2a4751ff09cd950ddc780ad00175c8132d3cc0163cba66caa4d04ca8e"},"linkedFileHash":{"type":"sha1","value":"7753daeaa7f1cb64b8f713e50d509c49bdf6fe75"},"cachedLocation":"mods/connectivity-1.18.2-3.2.jar","optionValue":true},"mods/applied-energistics-2.pw.toml":{"hash":{"type":"sha256","value":"7b861a0ac4bf19d568b59d6d439169b932c8582fc9a7c4e4d98eb46b6a520c93"},"linkedFileHash":{"type":"sha1","value":"7d81a90f7ccf162c59c1cb59d191298669249521"},"cachedLocation":"mods/appliedenergistics2-11.1.3.jar","optionValue":true},"mods/replanting-crops.pw.toml":{"hash":{"type":"sha256","value":"1489dae3c0e0a29bad99d29760ecbb69299e5a56c40522cdecca3adbe1a4a646"},"linkedFileHash":{"type":"sha1","value":"d6c4bd4816a86f6269b8b138b31a7fa20a1cee4a"},"cachedLocation":"mods/replantingcrops_1.18.2-2.6.jar","optionValue":true},"mods/allthecompressed.pw.toml":{"hash":{"type":"sha256","value":"7456a67dd9da373b1f6a59d3e81dd74653b4361fc6d82014f43258c19dc203e3"},"linkedFileHash":{"type":"sha1","value":"f004be7c04124275841c2001b63d330bae9f6a4f"},"cachedLocation":"mods/AllTheCompressed-1.0.8-1.18.2-40.1.30.jar","optionValue":true},"mods/fast-leaf-decay.pw.toml":{"hash":{"type":"sha256","value":"80e1013e0049365892e0c05b6263062ff5d13a2638d4f97129bb2985dbafa424"},"linkedFileHash":{"type":"sha1","value":"1005968a5f60863168156efbf0ed7e05137d6ab2"},"cachedLocation":"mods/FastLeafDecay-28.jar","optionValue":true},"mods/portable-tanks.pw.toml":{"hash":{"type":"sha256","value":"0bd6b3a16deda595b01ba263a2101848e3a6af5a7d35cbc659b088f5c467df3a"},"linkedFileHash":{"type":"sha1","value":"dc86c1f21d5f354ff36c8b9dcb2e8e2d423d62da"},"cachedLocation":"mods/portabletanks-1.1.5-forge-mc1.18.jar","optionValue":true},"mods/torohealth-damage-indicators.pw.toml":{"hash":{"type":"sha256","value":"0f1512b797ce79834078161cea88a1a63f76c869f8e20c6064f8c5f74eec24e2"},"linkedFileHash":{"type":"sha1","value":"de9861138febde8fa764510691978e8a08c51528"},"cachedLocation":"mods/torohealth-1.18-forge-2.jar","optionValue":true},"mods/cyclops-core.pw.toml":{"hash":{"type":"sha256","value":"a6178a922ffa32715b2297984cca9bef6c32db477b574dca43fcd4a3b9858ecc"},"linkedFileHash":{"type":"sha1","value":"538169e73daa2f9348e3cdd68e1616cb6beec7e7"},"cachedLocation":"mods/CyclopsCore-1.18.2-1.15.1.jar","optionValue":true},"mods/createaddition.pw.toml":{"hash":{"type":"sha256","value":"e116a4c60883db9826d629da917b93686bd72f62ca74033b4a905c1481c7191d"},"linkedFileHash":{"type":"sha1","value":"524bbb7d140923ea3c69514b910ec62890adf406"},"cachedLocation":"mods/createaddition-1.18.2-20220517a.jar","optionValue":true},"mods/applied-mekanistics.pw.toml":{"hash":{"type":"sha256","value":"36b102443ed23e6aaf5f9eb6d1a23079f4114b33f83810c24c58dd814b500dae"},"linkedFileHash":{"type":"sha1","value":"feb8e22fdc82d0a6f8abd4e11bf7f23050dbb264"},"cachedLocation":"mods/Applied-Mekanistics-1.2.1.jar","optionValue":true},"mods/waystones.pw.toml":{"hash":{"type":"sha256","value":"b209c7da3afa46bee40dc174aa9cf7a13abf5ef9c987976848e16ce4c199d576"},"linkedFileHash":{"type":"sha1","value":"d578157adb139f283cbb0ac1825fc701baf57c9e"},"cachedLocation":"mods/waystones-forge-1.18.2-10.1.0.jar","optionValue":true},"mods/caelus.pw.toml":{"hash":{"type":"sha256","value":"d327839546f676861ab40202cf9b1a20bea90950e80231e7df2f5631fa115bb3"},"linkedFileHash":{"type":"sha1","value":"befa3b8e7bd0f5fdf373be726e5ce2b7bdfa16b6"},"cachedLocation":"mods/caelus-forge-1.18.1-3.0.0.2.jar","optionValue":true},"mods/utilitix.pw.toml":{"hash":{"type":"sha256","value":"16d053d2c275f3d879e5cb30a5d69bfe2454bdd1cde747d45990b4270fe920d8"},"linkedFileHash":{"type":"sha1","value":"ae5dca1e763dd1cc2d6d6ac1f0d22ed290e653de"},"cachedLocation":"mods/UtilitiX-1.18.2-0.4.6.jar","optionValue":true},"mods/glassential.pw.toml":{"hash":{"type":"sha256","value":"df0a3492490ee76d36fb4b6d36dc44d0b7edf923b31e512dbb7e55a0c0962f31"},"linkedFileHash":{"type":"sha1","value":"1ee5a82e0966c68840af4a77d2c7d8f3879f93e9"},"cachedLocation":"mods/glassential-forge-1.18.2-1.2.3.jar","optionValue":true},"mods/supermartijn642s-config-lib.pw.toml":{"hash":{"type":"sha256","value":"31923aef4030558574b39a619af0a3c2bbdc8cafa8a1e720483782e454108f91"},"linkedFileHash":{"type":"sha1","value":"f5457082fba25cad2997f8e7cfd275006982f32e"},"cachedLocation":"mods/supermartijn642configlib-1.1.5-forge-mc1.18.jar","optionValue":true},"mods/stack-refill.pw.toml":{"hash":{"type":"sha256","value":"482d177b84b676850650d391488729cfa7b3524e74ea7b9c925a0cdbe10c728e"},"linkedFileHash":{"type":"sha1","value":"876d8c72f8c3ac7fcde9e991e7f3c66d475fe2ca"},"cachedLocation":"mods/stackrefill_1.18.2-2.1.jar","optionValue":true},"mods/fastsuite.pw.toml":{"hash":{"type":"sha256","value":"aabf921df6c6895e3703f0159992521a413fb18e0b75b2f5da7bccc62ffb9194"},"linkedFileHash":{"type":"sha1","value":"619808f9824a229344cd0914b7e6a651eb28625a"},"cachedLocation":"mods/FastSuite-1.18.2-3.0.2.jar","optionValue":true},"mods/libx.pw.toml":{"hash":{"type":"sha256","value":"005d17b6efee5feadae53d4ac3231f8a180379d09e354d539fbeb09ec78ac974"},"linkedFileHash":{"type":"sha1","value":"67f9d92f7feb49fc04c90f03a73ead7e1e36bee4"},"cachedLocation":"mods/LibX-1.18.2-3.2.18.jar","optionValue":true},"mods/runelic.pw.toml":{"hash":{"type":"sha256","value":"f9421682d84321e3d88e00733aa976502ea3d3a8bdfb8a1b9c050604fa8e9694"},"linkedFileHash":{"type":"sha1","value":"7b0e74b79b307be15a05f50a173e3396363b687a"},"cachedLocation":"mods/Runelic-Forge-1.18.2-11.0.1.jar","optionValue":true},"mods/ato.pw.toml":{"hash":{"type":"sha256","value":"e334c8c47df4742a0c6e0ad3e651d96635095aab5a8398856b85ba43717c9dc7"},"linkedFileHash":{"type":"sha1","value":"c70c2cacff75933ed90b6e780ac8addc814c1001"},"cachedLocation":"mods/alltheores-1.9.9c-1.18.2-40.1.0.jar","optionValue":true},"mods/entity-collision-fps-fix.pw.toml":{"hash":{"type":"sha256","value":"ab799aeda7413bcb31c2119de91f50833168badc173df42a8476aa7f11fc5dd3"},"linkedFileHash":{"type":"sha1","value":"c816bd18177d52a96a59f6e51072ff1847d0f971"},"cachedLocation":"mods/Entity_Collision_FPS_Fix-forge-1.18.2-1.0.0.jar","optionValue":true},"mods/xnet.pw.toml":{"hash":{"type":"sha256","value":"49a470a4490012a5458d1198be9e69368c1dbdce38e4b55c20203e3afde2e6d5"},"linkedFileHash":{"type":"sha1","value":"5ed5b1e4edfc3df3dcd521b8db3eb183e8e9c625"},"cachedLocation":"mods/xnet-1.18-4.0.5.jar","optionValue":true},"mods/curious-elytra.pw.toml":{"hash":{"type":"sha256","value":"6d300c55dc5fc2470e5534e1b44375691d5fda85dfafcc26b86ee7c73b447f3b"},"linkedFileHash":{"type":"sha1","value":"3cef56e74a33672b5112bcb04e7bf2486d9e9f01"},"cachedLocation":"mods/curiouselytra-forge-1.18.1-5.0.1.0.jar","optionValue":true},"mods/yungs-better-mineshafts-forge.pw.toml":{"hash":{"type":"sha256","value":"e714ceb525c0160e6ea30d29d8cd911836bb3daa8340de9dd733d6264b085c4d"},"linkedFileHash":{"type":"sha1","value":"69a622d3d1bfa4a5f5e70dba36f9b004d18391fc"},"cachedLocation":"mods/YungsBetterMineshafts-1.18.2-Forge-2.1.4.jar","optionValue":true},"mods/rftools-base.pw.toml":{"hash":{"type":"sha256","value":"c835ef275c6d2eee653251e2b91efeb8d4043247b94da8ad47042b0f4a26eba6"},"linkedFileHash":{"type":"sha1","value":"6c69845e9dbdd3f28c465988b3a6061bd09c4445"},"cachedLocation":"mods/rftoolsbase-1.18-3.0.9.jar","optionValue":true},"mods/mythicbotany.pw.toml":{"hash":{"type":"sha256","value":"c611bb417938efba748983cb749efa7970df9633450bc0d908f94e8ddedf187b"},"linkedFileHash":{"type":"sha1","value":"c2c6c280c16ba1676ff56a9a7fc86b505b5605d0"},"cachedLocation":"mods/MythicBotany-1.18.2-2.1.9.jar","optionValue":true},"mods/twigs.pw.toml":{"hash":{"type":"sha256","value":"456490e6c0532199615f7fd74956066c39b400dd1b9cdd05dc9566fa43d545c5"},"linkedFileHash":{"type":"sha1","value":"00e1f4f53e2a1ef026d44dc27ba852b9cbd208da"},"cachedLocation":"mods/twigs-forge-1.1.4+1.18.2.jar","optionValue":true},"mods/mcjtylib.pw.toml":{"hash":{"type":"sha256","value":"a78496f7293d523580bde775b293cc14932f85ad56690e9c62af3a059f4ea250"},"linkedFileHash":{"type":"sha1","value":"279b9267b77171ca4d04a5b8088a2b953f61da13"},"cachedLocation":"mods/mcjtylib-1.18-6.0.15.jar","optionValue":true},"mods/voidtotem.pw.toml":{"hash":{"type":"sha256","value":"2a228f8a66a1816c1b692c78c0aa962b7737c9f7d6eca4e70ef6f7250caa200d"},"linkedFileHash":{"type":"sha1","value":"89829d740a723da0fba3d4235abad16d6c464dd4"},"cachedLocation":"mods/voidtotem-forge-1.18.2-1.3.1.jar","optionValue":true},"mods/fastworkbench.pw.toml":{"hash":{"type":"sha256","value":"97a89b74d1072263842f1067c5f33c9510d321f71082faec40953c1ca0c041a4"},"linkedFileHash":{"type":"sha1","value":"a8225d92bf202e95dc21b56275718efa91d5cdf2"},"cachedLocation":"mods/FastWorkbench-1.18.2-6.0.2.jar","optionValue":true},"mods/lootr.pw.toml":{"hash":{"type":"sha256","value":"a180dc06ce5b459592479f30f54745f44e3c9e7362687374e407a5362c594da0"},"linkedFileHash":{"type":"sha1","value":"f22fce7ed144b295b810b1d5b7ccb052eb720e55"},"cachedLocation":"mods/lootr-1.18.2-0.2.17.54.jar","optionValue":true},"mods/botania.pw.toml":{"hash":{"type":"sha256","value":"13c63cce628f6ddb2a27c94f2cc58da761ce93f0cfe5e37d82dc009854b608a3"},"linkedFileHash":{"type":"sha1","value":"5b624559e673caa883c10224bec12aeecabd7a96"},"cachedLocation":"mods/Botania-1.18.2-434.jar","optionValue":true},"mods/clickable-advancements.pw.toml":{"hash":{"type":"sha256","value":"4776e4abecbfb5261e7e52450d94cf6d4d3640657eba06011649412461bdb154"},"linkedFileHash":{"type":"sha1","value":"8562670736005bbcc1febf4a065d8bf00cf315e4"},"cachedLocation":"mods/clickadv-1.18.2-2.5.jar","optionValue":true},"mods/mystical-agradditions.pw.toml":{"hash":{"type":"sha256","value":"f4e34200c0753480ae0e09282a2cd69ef2bacd6e6e79c1ccdeef3c2e40fe72f2"},"linkedFileHash":{"type":"sha1","value":"795f4261232be4c27ad515c9c2c3f8a423c61b18"},"cachedLocation":"mods/MysticalAgradditions-1.18.2-5.1.1.jar","optionValue":true},"mods/dungeon-crawl.pw.toml":{"hash":{"type":"sha256","value":"5f86110ca3889ccf4c7cf73e826103dc38b00116274077ec5ea610893f964a3d"},"linkedFileHash":{"type":"sha1","value":"b71b5bd27322d36d3a783baf177023fdf4719da2"},"cachedLocation":"mods/DungeonCrawl-1.18.2-2.3.9.jar","optionValue":true},"mods/create-deco.pw.toml":{"hash":{"type":"sha256","value":"ae395e19ad52972037d6844895fe35a7f17d2358379696f2689e96bc0c6502a9"},"linkedFileHash":{"type":"sha1","value":"5237300df79bc697d6092ce9cd0204e5c6a1fd3c"},"cachedLocation":"mods/createdeco-1.2.7-1.18.2.jar","optionValue":true},"mods/time-in-a-bottle-standalone.pw.toml":{"hash":{"type":"sha256","value":"18d3ca66bb865c79e67fb7369b6f45229cc5b1ed6a083b1b2eee0e3b15d2ec8c"},"linkedFileHash":{"type":"sha1","value":"75481f0016057a365c458c9a0fcf769362cb7e1b"},"cachedLocation":"mods/time-in-a-bottle-2.1.0-mc1.18.1.jar","optionValue":true},"mods/dynamic-view.pw.toml":{"hash":{"type":"sha256","value":"4b9c5e688a6c0f570e7e3e19ff113ef375a677374a4c6b32b71663ef79556553"},"linkedFileHash":{"type":"sha1","value":"2199ad1c21d6ad650434c895b4123461c250edde"},"cachedLocation":"mods/dynview-1.18.2-2.8.jar","optionValue":true},"mods/alternate-current.pw.toml":{"hash":{"type":"sha256","value":"5262b40999a9c2e60b43561067f5f199814627eaaee3d193c92ef8b99f20fe61"},"linkedFileHash":{"type":"sha1","value":"ded222f9714f823a063d26568f93a7975bf70c56"},"cachedLocation":"mods/alternate-current-mc1.18-1.2.1.jar","optionValue":true},"mods/mega-cells.pw.toml":{"hash":{"type":"sha256","value":"9a4045e51154cac2525cd3d718d97d4a2336fc91a015f073c67daf0425c6f2d9"},"linkedFileHash":{"type":"sha1","value":"d124045e9bf4e814bf1160514f99fc7efb8544a5"},"cachedLocation":"mods/MEGACells-1.2.1.jar","optionValue":true},"mods/thermal-cultivation.pw.toml":{"hash":{"type":"sha256","value":"d44c1f319c15d77748c757c0d298768b041104a8ae0a22a4a754ce82923104cb"},"linkedFileHash":{"type":"sha1","value":"425064c6f3e533792155374daaf7a067118db3f7"},"cachedLocation":"mods/thermal_cultivation-1.18.2-1.6.3.11.jar","optionValue":true},"mods/lazierae2.pw.toml":{"hash":{"type":"sha256","value":"61bb568a57c826c34afbe7edb2589c4fa6d6103368d1c942d5199e0dd2bda29e"},"linkedFileHash":{"type":"sha1","value":"7a702c81dae873d28eab59451f8976aef528f54d"},"cachedLocation":"mods/lazierae2-1.18.2-3.0.2.jar","optionValue":true},"mods/oh-the-biomes-youll-go.pw.toml":{"hash":{"type":"sha256","value":"a3bebc3e01ad0dc6d8f63177e318f0aee3d7c781ce643fe96837eb2e44df1aff"},"linkedFileHash":{"type":"sha1","value":"d8a5d5f148ea8adafc96b25005bcc313e8f54b27"},"cachedLocation":"mods/Oh_The_Biomes_You\u0027ll_Go-forge-1.18.2-1.4.1.jar","optionValue":true},"mods/chunk-loaders.pw.toml":{"hash":{"type":"sha256","value":"979d6d241c432cf5240d5658d25894a269c551de0bc36cd36d877400707049fb"},"linkedFileHash":{"type":"sha1","value":"62f3017d31348b74463793e333d5edcea0f0669c"},"cachedLocation":"mods/chunkloaders-1.1.12-mc1.18.jar","optionValue":true},"mods/rftools-storage.pw.toml":{"hash":{"type":"sha256","value":"8067e419a5535396c22b1ae43a07cd82dacf97748dc86613f2f8cfa7e06407a2"},"linkedFileHash":{"type":"sha1","value":"44050293db4b5b3627729241388650b49bcd5572"},"cachedLocation":"mods/rftoolsstorage-1.18-3.0.8.jar","optionValue":true},"mods/supermartijn642s-core-lib.pw.toml":{"hash":{"type":"sha256","value":"aac532e1429f485f5dd6caa997af14872073374e64a938c80f53e5543381de4a"},"linkedFileHash":{"type":"sha1","value":"a48f60b4f8fdef9e531d017f3665638b109c0dcf"},"cachedLocation":"mods/supermartijn642corelib-1.0.18-forge-mc1.18.jar","optionValue":true},"mods/mekanism.pw.toml":{"hash":{"type":"sha256","value":"70696ba22104dd6d49fff45b4458a1f98a2d9d54725898f32d4bd06dc9409959"},"linkedFileHash":{"type":"sha1","value":"155d2de6d14f9aabe57485cd9e59d0730974084e"},"cachedLocation":"mods/Mekanism-1.18.2-10.2.4.464.jar","optionValue":true},"mods/yungs-better-desert-temples.pw.toml":{"hash":{"type":"sha256","value":"0be5d3fb007d5192ac63f94800ee80b4a69e3ff3451482bb02a4b82fe4fb3cb2"},"linkedFileHash":{"type":"sha1","value":"e3504b0058b4f67eae87cb62ed32f0dd9e7eb2c3"},"cachedLocation":"mods/YungsBetterDesertTemples-1.18.2-Forge-1.1.0.jar","optionValue":true},"mods/dark-utilities.pw.toml":{"hash":{"type":"sha256","value":"e2833c422fac87b4b02deaafd00284077172b32ec17775f5dbadaf0d24598106"},"linkedFileHash":{"type":"sha1","value":"406127df51d985079dba53119d44cb6d3b80b02f"},"cachedLocation":"mods/DarkUtilities-Forge-1.18.2-10.0.5.jar","optionValue":true},"mods/technicalities-lib.pw.toml":{"hash":{"type":"sha256","value":"86fe425015095ea6cc0ae811061310b2fbe1b4988f7b298b7252aea3e2f40574"},"linkedFileHash":{"type":"sha1","value":"78e9181177e130f84035ace39e607907613d43ee"},"cachedLocation":"mods/TKLib-0.0.23+1.18.2.jar","optionValue":true},"mods/create.pw.toml":{"hash":{"type":"sha256","value":"6260854df98bee184f801f31b6a23459b55381896684ff75ade4a6a09ea665f7"},"linkedFileHash":{"type":"sha1","value":"47f01160e2650c6d63c0d8cde2f72cee39d313f3"},"cachedLocation":"mods/create-mc1.18.2_v0.4.1.jar","optionValue":true},"mods/architectury-api.pw.toml":{"hash":{"type":"sha256","value":"725e11c2310f713aae3d05d2dd377e5477fb1844f15547a01e7f459128469b56"},"linkedFileHash":{"type":"sha1","value":"88029fbe2442fd4da98b83860689676cad4d5658"},"cachedLocation":"mods/architectury-4.5.75-forge.jar","optionValue":true},"mods/crafting-tweaks.pw.toml":{"hash":{"type":"sha256","value":"e4b89bc3aa13faf8c7abbc3f82ebaba7c954370a38a15293781235dd2ebf9baf"},"linkedFileHash":{"type":"sha1","value":"7aa8f5fda1fddecf04be0933c993bb886d26dec1"},"cachedLocation":"mods/craftingtweaks-forge-1.18.2-14.0.3.jar","optionValue":true},"mods/trash-cans.pw.toml":{"hash":{"type":"sha256","value":"df924a41d80f64d6e95eefb2449fa76e843c5a5829ec17d8a2ad8057e3fc04e3"},"linkedFileHash":{"type":"sha1","value":"4fa39aeb26768c5851c2b01bd5cfb1b6f1d7ce52"},"cachedLocation":"mods/trashcans-1.0.15-forge-mc1.18.jar","optionValue":true},"mods/cloth-config.pw.toml":{"hash":{"type":"sha256","value":"91310bd661de6d8019a7a9d39c761d5005d1bd1bd9b4f0a7e49296640fe6a33f"},"linkedFileHash":{"type":"sha1","value":"1da6c984afef261cd5484ede8685abfe5242198b"},"cachedLocation":"mods/cloth-config-6.2.62-forge.jar","optionValue":true},"mods/more-minecarts.pw.toml":{"hash":{"type":"sha256","value":"5d716e7827b4557b0835f798f71a6ca66e7b407740bcdae4c35396e91114f26e"},"linkedFileHash":{"type":"sha1","value":"77237eccfc629ddbb7c2b40bed5745b2f5eb0971"},"cachedLocation":"mods/moreminecarts-1.4.6.jar","optionValue":true},"mods/valhelsia-core.pw.toml":{"hash":{"type":"sha256","value":"c033bea9c8ffb4f802e23ce08e38d8bbb5831be1df1e23c8381fd5f1ee52e706"},"linkedFileHash":{"type":"sha1","value":"8ae892b96d7e5a480e9d2ed487d6a59ae30ded82"},"cachedLocation":"mods/valhelsia_core-1.18.2-0.3.1.jar","optionValue":true},"mods/aeinfinitybooster.pw.toml":{"hash":{"type":"sha256","value":"6049ce25c35da23208c19374bc6870064144df1f7aabac29f0115af03c8ad9e8"},"linkedFileHash":{"type":"sha1","value":"1f915abe753d53cb425439d271c8ac212ce410e3"},"cachedLocation":"mods/AEInfinityBooster-1.18.2-1.1.0+9.jar","optionValue":true},"mods/cofh-core.pw.toml":{"hash":{"type":"sha256","value":"6a6c57d3f0855c6ea489dd74deff8ffbd82cc53a61811f603ed99ea5a0bc45d7"},"linkedFileHash":{"type":"sha1","value":"f6bcb8c8bfda0d4c8860354d4aa97bc4c9b31d99"},"cachedLocation":"mods/cofh_core-1.18.2-1.6.4.21.jar","optionValue":true},"mods/modular-routers.pw.toml":{"hash":{"type":"sha256","value":"345939a40a69469bfb53e1f6650959757f26583eede75de734b2ed5bdb64f69b"},"linkedFileHash":{"type":"sha1","value":"0cdd1b2c14cda67e634c652b331bea15eea3cd2d"},"cachedLocation":"mods/modular-routers-1.18.2-9.1.1-93.jar","optionValue":true},"mods/collective.pw.toml":{"hash":{"type":"sha256","value":"a494cd8ba5366eaab6b2286355e8644cb79bfab01ca3f8b936becaab2f10ff04"},"linkedFileHash":{"type":"sha1","value":"936d617dbac25e0c4348ac3490b42cc16add6ed2"},"cachedLocation":"mods/collective-1.18.2-4.28.jar","optionValue":true},"mods/wireless-chargers.pw.toml":{"hash":{"type":"sha256","value":"c75091c68dede72bf4c96bd518e7cecbed334c7496e32d0bbfea1d4db590502d"},"linkedFileHash":{"type":"sha1","value":"24ebfdc0ebe677cef4b8d7b72d6705143d26f649"},"cachedLocation":"mods/wirelesschargers-1.0.6-forge-mc1.18.jar","optionValue":true},"mods/the-one-probe.pw.toml":{"hash":{"type":"sha256","value":"88a1d22c971657c0da41a1558cebf78622fa527c67e40e9f15325cde2e848a8c"},"linkedFileHash":{"type":"sha1","value":"c0b89eb8740c94dfcb0fbec9d4c6bb13bbbe9f33"},"cachedLocation":"mods/theoneprobe-1.18-5.1.0.jar","optionValue":true},"mods/mekanism-additions.pw.toml":{"hash":{"type":"sha256","value":"b4071380a00dfc1ac85f6320eb35c6063abd07554f0a2968ab08b1ebb69578a4"},"linkedFileHash":{"type":"sha1","value":"e9699346d23cc2562c4ce5be547a06ad714a3280"},"cachedLocation":"mods/MekanismAdditions-1.18.2-10.2.4.464.jar","optionValue":true},"mods/mekanism-generators.pw.toml":{"hash":{"type":"sha256","value":"03587765373e409529e54eef3c72b928e0a952a10509af91f70b756a207110ab"},"linkedFileHash":{"type":"sha1","value":"80668e7d3064e0412f3bf58b579492ced0fdb7ad"},"cachedLocation":"mods/MekanismGenerators-1.18.2-10.2.4.464.jar","optionValue":true},"mods/player-tracking-compass.pw.toml":{"hash":{"type":"sha256","value":"73199a2e613782cf0f782a6de52afea37c205213eaca8c55bdbfcf49ce149a0e"},"linkedFileHash":{"type":"sha1","value":"8fdebeb5a6953edf46c5e2cd57c6c5b8f45198c5"},"cachedLocation":"mods/playertrackingcompass_1.18.2-1.9.jar","optionValue":true},"mods/myrtrees.pw.toml":{"hash":{"type":"sha256","value":"f377367397c3f40d8666edfcbaf0372df8b5296fa61728e14af7c8606ecd25a0"},"linkedFileHash":{"type":"sha1","value":"efc0fc482316b79601cfe09bb50b0556ff51400a"},"cachedLocation":"mods/myrtrees-forge-1.1.0-build.29.jar","optionValue":true},"mods/wither-skeleton-tweaks.pw.toml":{"hash":{"type":"sha256","value":"a45d75197dfcf0fff2fb6b4a7884dfa8064e3c1d4f58b59c68d161619cf2735c"},"linkedFileHash":{"type":"sha1","value":"e7cc4011e61f7dd66ac3c5284f6c74bffcaa5cab"},"cachedLocation":"mods/WitherSkeletonTweaks-1.18.2-7.1.2.jar","optionValue":true},"mods/jei.pw.toml":{"hash":{"type":"sha256","value":"3e963187c3f080269bc97d3a419ab4b8395bc9fcb86e413f39658cae659b0990"},"linkedFileHash":{"type":"sha1","value":"427cc2cf50f6a654fc2677bafe9988dad377fe86"},"cachedLocation":"mods/jei-1.18.2-9.7.0.209.jar","optionValue":true},"mods/functional-storage.pw.toml":{"hash":{"type":"sha256","value":"d5530718071665c02b8f4e8edc1ed52757a96544d5eebde0d31c0a0588ffd08a"},"linkedFileHash":{"type":"sha1","value":"5e2a52975c80a1b204000cb6f554931d9d0ace84"},"cachedLocation":"mods/functionalstorage-1.18.2-0.0.18.jar","optionValue":true},"mods/all-the-compatibility.pw.toml":{"hash":{"type":"sha256","value":"8d1d0b38e2937299a908976d19c4cb410b8af7bb71947e06baf2436e6dd1a071"},"linkedFileHash":{"type":"sha1","value":"06c0cc72004d2b979daada405bd244a958e4ae64"},"cachedLocation":"mods/AllTheCompatibility-1.18.x-(v.1.9.0).jar","optionValue":true},"mods/curio-of-undying.pw.toml":{"hash":{"type":"sha256","value":"1152e2ad0d7bd6921fe51ae8b485cb6712a280d8b837f79eb58087b151d8e7dd"},"linkedFileHash":{"type":"sha1","value":"f7add4f447569de769c18536f85f37f5950fb97b"},"cachedLocation":"mods/curioofundying-forge-1.18-5.3.0.0.jar","optionValue":true},"mods/mod-name-tooltip.pw.toml":{"hash":{"type":"sha256","value":"7bfa34ea9ad11fe95d1973cba7fe19925b7946c3f51496f235526c6659bb7c47"},"linkedFileHash":{"type":"sha1","value":"8886987e43b4549edced071b0b10a8645a42b5a0"},"cachedLocation":"mods/modnametooltip-1.18.1-1.18.0.jar","optionValue":true},"mods/alexs-mobs.pw.toml":{"hash":{"type":"sha256","value":"5433cff021447e3bddfa8967f0b03fbc1f478d87b4d4828d52a66688fe6b1853"},"linkedFileHash":{"type":"sha1","value":"71cdcbc94f36440a533f07b84cb721614a75b3a8"},"cachedLocation":"mods/alexsmobs-1.18.5.jar","optionValue":true},"mods/fix-experience-bug.pw.toml":{"hash":{"type":"sha256","value":"ace65cf55382d75594f2b2429302dd19b8b53c37d1a805fb5a46a766d95d2229"},"linkedFileHash":{"type":"sha1","value":"8e50e6cb0144d1e0ec09ba7642d591d5bb8d1781"},"cachedLocation":"mods/ExperienceBugFix-1.18-1.38.0.2.jar","optionValue":true},"mods/reliquary-v1-3.pw.toml":{"hash":{"type":"sha256","value":"780887196f5db1260937ef8f133e0282ed8b642cbbd242a75528281dfcdba339"},"linkedFileHash":{"type":"sha1","value":"53ccd80ae613158d3bce28ef4f137dd5eaad8ee0"},"cachedLocation":"mods/reliquary-1.18.2-2.0.8.1139.jar","optionValue":true},"mods/additional-enchanted-miner.pw.toml":{"hash":{"type":"sha256","value":"3e73e7ec0e256e6a94918bea27425b6f64d4b55c5354972b9f8665eb15b60575"},"linkedFileHash":{"type":"sha1","value":"8bab10b7853f51a6b63ae4a42d00ea82ce0ee312"},"cachedLocation":"mods/AdditionalEnchantedMiner-1.18.2-18.12.jar","optionValue":true},"mods/autoreglib.pw.toml":{"hash":{"type":"sha256","value":"4b9f680bd2c3c2efc44ce41626b2fe5860403a4ec38309ab6fd8a04bac16e8bc"},"linkedFileHash":{"type":"sha1","value":"3e8f5e0bbf90af2555394b2f9ff704142f979465"},"cachedLocation":"mods/AutoRegLib-1.7-53.jar","optionValue":true},"mods/yungs-better-dungeons.pw.toml":{"hash":{"type":"sha256","value":"799ba57de8c96266d2bec8f18ea749721394e1fdb8b4e95d90ce66a1f87cd3e1"},"linkedFileHash":{"type":"sha1","value":"7f4bf4879d976eee6bee9fe2c6a479c45c84120a"},"cachedLocation":"mods/YungsBetterDungeons-1.18.2-Forge-2.1.0.jar","optionValue":true},"mods/codechicken-lib-1-8.pw.toml":{"hash":{"type":"sha256","value":"eb3b0632a958279236ad10c8ee4986439c96335ef764c04e9724be514d8306e8"},"linkedFileHash":{"type":"sha1","value":"944612d4ec5ed9a29bda8408e68b62c26ef4e09c"},"cachedLocation":"mods/CodeChickenLib-1.18.2-4.1.1.462-universal.jar","optionValue":true},"mods/just-enough-resources-jer.pw.toml":{"hash":{"type":"sha256","value":"2f86406baf5c931fbb9b37c0ed93c8d041fe32eb6c9b20b915a351e0a1bfb0fc"},"linkedFileHash":{"type":"sha1","value":"50871f1b4902d3248528424eadb8087feae03285"},"cachedLocation":"mods/JustEnoughResources-1.18.2-0.14.1.171.jar","optionValue":true},"mods/flux-networks.pw.toml":{"hash":{"type":"sha256","value":"0610698407812016eed4958139bd0650288d25b759cd26451ac3fa3754447627"},"linkedFileHash":{"type":"sha1","value":"d9bf14819033528b10c4d34910f670651474ef2a"},"cachedLocation":"mods/FluxNetworks-1.18.2-7.0.2.3.jar","optionValue":true},"mods/hostile-neural-networks.pw.toml":{"hash":{"type":"sha256","value":"8e348574d42e681c00b72849b6e33c35610be22bf14fb8c224be2254151f920c"},"linkedFileHash":{"type":"sha1","value":"346718f6dc8d6a597859c1672fa3049811067a91"},"cachedLocation":"mods/HostileNeuralNetworks-1.18.2-3.1.1.jar","optionValue":true},"mods/selene.pw.toml":{"hash":{"type":"sha256","value":"26e591b0b07c8ef07f887eaf3feee21d564c891418e3da0304b39972d6ffb106"},"linkedFileHash":{"type":"sha1","value":"6e53cc0ab053dc82cdebe9747a548c6ff06c656f"},"cachedLocation":"mods/selene-1.18.2-1.17.9.jar","optionValue":true},"mods/death-backup.pw.toml":{"hash":{"type":"sha256","value":"6cf90f4c6082e1162550e9d0ad6428315100cb5c34159dd69e2500ccdb7579a5"},"linkedFileHash":{"type":"sha1","value":"7861e687ec20018780e9b77c10f752ab566b50f0"},"cachedLocation":"mods/deathbackup_1.18.2-1.6.jar","optionValue":true},"mods/useful-backpacks.pw.toml":{"hash":{"type":"sha256","value":"f543ac44dfff2ac5b334deee61e969c3f4512b3da22cb7561c5a0e140cf56c84"},"linkedFileHash":{"type":"sha1","value":"2e446d904cff967919f925342328b34fd32714a2"},"cachedLocation":"mods/useful_backpacks-1.18.2-1.12.2.94.jar","optionValue":true},"mods/farsight.pw.toml":{"hash":{"type":"sha256","value":"a23cd083c19f961223880ce56bc9ce8cba6532d60b012700a1ec64a443d36acf"},"linkedFileHash":{"type":"sha1","value":"a45bed30998e441e561f960234e484c7f9fe39ae"},"cachedLocation":"mods/farsight-1.18.2-1.9.jar","optionValue":true},"mods/redstone-gauges-and-switches.pw.toml":{"hash":{"type":"sha256","value":"e5108fbd9e94a0870ec6a5feb42059729ff824d56688cd730f1af1aa031f1677"},"linkedFileHash":{"type":"sha1","value":"b92cbcc8137938111316d4e2ca989b59ade78057"},"cachedLocation":"mods/rsgauges-1.18.2-1.2.16.jar","optionValue":true},"mods/scalable-cats-force.pw.toml":{"hash":{"type":"sha256","value":"f6688844f1d9862f41e19bd17de80d9949f57de8203578f3272f2642828fd193"},"linkedFileHash":{"type":"sha1","value":"a705f391f32b8bb7478964d482cc679956b803cc"},"cachedLocation":"mods/ScalableCatsForce-2.13.8-build-4-with-library.jar","optionValue":true},"mods/controlling.pw.toml":{"hash":{"type":"sha256","value":"9a7b5d7cf2ab9e3a45d4fdaab423c3028967c646b1364b4913cfa83a9df31895"},"linkedFileHash":{"type":"sha1","value":"1d132397933e3553d4dca886b7331faafc93d814"},"cachedLocation":"mods/Controlling-forge-1.18.2-9.0+19.jar","optionValue":true},"mods/ender-storage-1-8.pw.toml":{"hash":{"type":"sha256","value":"7129dd0baa2447cfc50176833dbbd70cb0b27a9918f7c1e7b68ee22a2fc339be"},"linkedFileHash":{"type":"sha1","value":"613f5ac1455589b0995d0090553073db07ec60ad"},"cachedLocation":"mods/EnderStorage-1.18.2-2.9.0.177-universal.jar","optionValue":true},"mods/forbidden-arcanus.pw.toml":{"hash":{"type":"sha256","value":"b1c7ca8c6728a7cc606c199f9d6d295932299e662860fda98be0034d7fa264c0"},"linkedFileHash":{"type":"sha1","value":"ce3e13271729906bb70b30e617cc7e44916f89b1"},"cachedLocation":"mods/forbidden_arcanus-1.18.2-2.1.0-beta2.jar","optionValue":true},"mods/beautified-chat-server.pw.toml":{"hash":{"type":"sha256","value":"4fc1830d5640fff9494de37db4848c406219b3a02d0f41d306a8b3ffccdbf66c"},"linkedFileHash":{"type":"sha1","value":"7e49b2fd6d4314bef41ee2dc82326232886eaf11"},"cachedLocation":"mods/beautifiedchatserver_1.18.2-1.1.jar","optionValue":true},"mods/repurposed-structures.pw.toml":{"hash":{"type":"sha256","value":"6d90703590e13b8233fa9572f5306b87d4b56930905eca96b9a9834e122cb6bc"},"linkedFileHash":{"type":"sha1","value":"743f03fa6552e7a9171a1c76a691dda2cdd0fd97"},"cachedLocation":"mods/repurposed_structures_forge-5.1.14+1.18.2.jar","optionValue":true},"mods/shutup-experimental-settings.pw.toml":{"hash":{"type":"sha256","value":"97fecd322567a954ea537e61feb6e0f848f307790d2e8a155af427c5910a4a4d"},"linkedFileHash":{"type":"sha1","value":"ad722f0e86a61310bdcea8975a106f0a4148ccb2"},"cachedLocation":"mods/shutupexperimentalsettings-1.0.5.jar","optionValue":true},"mods/industrial-foregoing.pw.toml":{"hash":{"type":"sha256","value":"27f149d0f89f783d35d0b6d59f478ce772c340046da92a871cf73475d00c6b3c"},"linkedFileHash":{"type":"sha1","value":"b7e04389aaa748784125ed29acb763c0b89f7132"},"cachedLocation":"mods/industrial-foregoing-1.18.2-3.3.1.4-8.jar","optionValue":true},"mods/ae2-things-forge.pw.toml":{"hash":{"type":"sha256","value":"aff000a02f4f72cc87a7db306d46c6e6f10c254665743967abda446d4f8c4623"},"linkedFileHash":{"type":"sha1","value":"6fac7fe18f5e5e3809a74228d80ff528ba549bd4"},"cachedLocation":"mods/AE2-Things-1.0.3-beta.jar","optionValue":true},"mods/cucumber.pw.toml":{"hash":{"type":"sha256","value":"7e74b2c44dc50242a8772415ba4c38e328923cab3b1148f6e146cc518bfe8927"},"linkedFileHash":{"type":"sha1","value":"95d9df0f56674166e1e627587608f9beb916f522"},"cachedLocation":"mods/Cucumber-1.18.2-5.1.1.jar","optionValue":true},"mods/deep-resonance.pw.toml":{"hash":{"type":"sha256","value":"ad55c05c36edbf863183ba81add20c7d7ac06d72625cc4f6278f8fe8956b9c5a"},"linkedFileHash":{"type":"sha1","value":"c20aa2b456c4e3c96683c6cad65e0d35cd2c7ac0"},"cachedLocation":"mods/deepresonance-3.0.9.jar","optionValue":true},"mods/just-enough-effect-descriptions-jeed.pw.toml":{"hash":{"type":"sha256","value":"b61137301d238d28d5f193aae83e5d159299d1367c69467373797babed888154"},"linkedFileHash":{"type":"sha1","value":"4ec2e30c7626295d0d92c7448f41ff7e3b8c0a0b"},"cachedLocation":"mods/jeed-1.18.2-1.11.jar","optionValue":true},"mods/attributefix.pw.toml":{"hash":{"type":"sha256","value":"902e82fd9cff5ba26db563e0995ab8c4f632cb68f26bc05c2ce6ed6aae30a425"},"linkedFileHash":{"type":"sha1","value":"33b1dc72bb681768c4faa603a73c26ebba833b41"},"cachedLocation":"mods/AttributeFix-Forge-1.18.2-14.0.2.jar","optionValue":true},"mods/pig-pen-cipher.pw.toml":{"hash":{"type":"sha256","value":"70a6f90a73dcb68acac429351ab61de449562cf0ecd64864fff65df0d3dad9b2"},"linkedFileHash":{"type":"sha1","value":"83cea3592a64b5b042627dc20738f154be3369fe"},"cachedLocation":"mods/PigPen-Forge-1.18.2-8.0.1.jar","optionValue":true},"mods/feature-nbt-deadlock-be-gone.pw.toml":{"hash":{"type":"sha256","value":"44c2de08592e5c0dad820b217b0fd332db0757a344796f1e01806cfe881206bc"},"linkedFileHash":{"type":"sha1","value":"08b6b5f3ca060a81097e57763c94c09d23ee41a0"},"cachedLocation":"mods/feature_nbt_deadlock_be_gone_forge-2.0.0+1.18.2.jar","optionValue":true},"mods/ecologics.pw.toml":{"hash":{"type":"sha256","value":"8e2ec9702276e05318102a6b5cfffbb8d17c0077e97ed31b644090a7158ab523"},"linkedFileHash":{"type":"sha1","value":"86e8bc1cf8adba606e26fadcd342327daf6bb1bf"},"cachedLocation":"mods/ecologics-forge-1.18.2-1.7.0.jar","optionValue":true},"mods/debugify.pw.toml":{"hash":{"type":"sha256","value":"04ad88c125584479f0854c74f13f7582a1ce20acf8a89e211cc991bd3780c61d"},"linkedFileHash":{"type":"sha1","value":"11c27c504039fe225f289f24911ae6112777a296"},"cachedLocation":"mods/debugify-1.11.0-forge-1.18.2.jar","optionValue":true},"mods/not-enough-crashes-forge.pw.toml":{"hash":{"type":"sha256","value":"7b92dd5ff3da1b9422d1eb4cc71a60d1aa0ed405417277fb638b2ac8885f84ba"},"linkedFileHash":{"type":"sha1","value":"8846da976179f209228a8b71f4b35b7afa5bd9ac"},"cachedLocation":"mods/notenoughcrashes-4.1.4+1.18.2-forge.jar","optionValue":true},"mods/nochatlag.pw.toml":{"hash":{"type":"sha256","value":"07738d0d9250560514d3563335c9174753e3670f4242330f11b8ad64bdcf2404"},"linkedFileHash":{"type":"sha1","value":"fd2bd2c5d613138beacdb7b140dc416eae7c0e6b"},"cachedLocation":"mods/NoChatLagForge-1.1.0.jar","optionValue":true},"mods/rftools-builder.pw.toml":{"hash":{"type":"sha256","value":"33065e80ce844f4a20b0a39315d7c2daf15fbd4821c395b1191e77f3e56bfbed"},"linkedFileHash":{"type":"sha1","value":"e45e860baa0c279607faf4b4f1f3c144824b91cc"},"cachedLocation":"mods/rftoolsbuilder-1.18-4.0.13.jar","optionValue":true},"mods/thermal-innovation.pw.toml":{"hash":{"type":"sha256","value":"567e153674f4323f64157ee4cfd1f2314953d8049f41aebef68f81fa81c5f311"},"linkedFileHash":{"type":"sha1","value":"2f395413e72288afe706667c996939de8744037a"},"cachedLocation":"mods/thermal_innovation-1.18.2-1.6.3.12.jar","optionValue":true},"mods/mekanism-tools.pw.toml":{"hash":{"type":"sha256","value":"7115aac217ebb048a0ae0cacbff789a35a3c73ef6a5d4d66c81cdca63c430043"},"linkedFileHash":{"type":"sha1","value":"45f0b7e3d7b7b4a400d306649f36e8bfd83af4db"},"cachedLocation":"mods/MekanismTools-1.18.2-10.2.4.464.jar","optionValue":true},"mods/toms-storage.pw.toml":{"hash":{"type":"sha256","value":"d6b7c13004c2e6b415fa984ff94baaa74408ecb08038878aa15cc85a4ab438ce"},"linkedFileHash":{"type":"sha1","value":"0704fae662db3796250957abc769064878e7f75d"},"cachedLocation":"mods/toms_storage-1.18.2-1.3.4.jar","optionValue":true},"mods/bookshelf.pw.toml":{"hash":{"type":"sha256","value":"9bad9d1723e9165e54baadf6ddf3bcd74becd1bc74235fbca73ba0d27317f405"},"linkedFileHash":{"type":"sha1","value":"6e059a7eb39c7ca0f01f42f233eb516b81a4df0f"},"cachedLocation":"mods/Bookshelf-Forge-1.18.2-13.2.28.jar","optionValue":true},"mods/simple-magnets.pw.toml":{"hash":{"type":"sha256","value":"f944061d8a9c771c3b9dda67aa65c8512c26f434bee0de33ca57a65fac1e2cab"},"linkedFileHash":{"type":"sha1","value":"712e9fd2ef1a47611ef2979c2675938e57aa98e5"},"cachedLocation":"mods/simplemagnets-1.1.7-forge-mc1.18.jar","optionValue":true},"mods/xaeros-minimap-fair-play-edition.pw.toml":{"hash":{"type":"sha256","value":"9b3acce74bb22e4a1a6afc5d971a237bff7924473a808452785c59e33260f070"},"linkedFileHash":{"type":"sha1","value":"11c66c9b674d5847f2205856dea6201f6f87bd23"},"cachedLocation":"mods/Xaeros_Minimap_FP22.9.3_Forge_1.18.2.jar","optionValue":true},"mods/mantle.pw.toml":{"hash":{"type":"sha256","value":"3b8744e493e25555053230b01f86c25cfee8e686d4159db5458478b00e404d58"},"linkedFileHash":{"type":"sha1","value":"dd84616e295d14854a7967927d4f26623766f4dc"},"cachedLocation":"mods/Mantle-1.18.2-1.9.27.jar","optionValue":true},"mods/idas.pw.toml":{"hash":{"type":"sha256","value":"4babef3f95ff027f0604cb20862e956695d98454b88af000b43550fac7a57c1e"},"linkedFileHash":{"type":"sha1","value":"9a55a3fb1e1c31b4fcc97e4df3e18ad9e41d1927"},"cachedLocation":"mods/idas_forge-1.2.1+1.18.2.jar","optionValue":true},"mods/silent-gear.pw.toml":{"hash":{"type":"sha256","value":"00cc865f4ff8cead4dc7e407e99e580ef8e14e671b46a6569e2da740ecea583a"},"linkedFileHash":{"type":"sha1","value":"cc190a28e17f60dd9e79fe61e08fe72ad51e9cfc"},"cachedLocation":"mods/silent-gear-1.18.2-2.10.8.jar","optionValue":true},"mods/krypton-reforged.pw.toml":{"hash":{"type":"sha256","value":"3a8f223c33599ab510da8671b8402239eef9024fb1a148ab3bc422f05e4951c7"},"linkedFileHash":{"type":"sha1","value":"410cd2bff75d4a8388b71d19953dbccea86c6af9"},"cachedLocation":"mods/krypton-0.1.10-SNAPSHOT.jar","optionValue":true},"mods/fastload.pw.toml":{"hash":{"type":"sha256","value":"6fb5887bff18d8381f5a2ba41f926255f3fce20580aba061ab64267f0a5eeac6"},"linkedFileHash":{"type":"sha1","value":"1d45b8c32db80da7986e9ff844df538b44ea5bfd"},"cachedLocation":"mods/Fastload-Reforged-1.1.1+1.18.2.jar","optionValue":true},"mods/terrablender.pw.toml":{"hash":{"type":"sha256","value":"0d6b8b85af3b07f28bb3ffd3bb01c9f82ee79f7a9da7db84c321bcd5d56a1e7c"},"linkedFileHash":{"type":"sha1","value":"da7578a7dacf19e44a3c706e173ba7012b26aec9"},"cachedLocation":"mods/TerraBlender-forge-1.18.2-1.1.0.102.jar","optionValue":true},"mods/toast-control.pw.toml":{"hash":{"type":"sha256","value":"f32312d344829baacfe0e43e1182e060a10113cd70f5c5b0ac52ff15f5cd6efc"},"linkedFileHash":{"type":"sha1","value":"27e1669b85e855dfaef74c7fe66036fcc9e1768c"},"cachedLocation":"mods/ToastControl-1.18.2-6.0.2.jar","optionValue":true},"mods/yungs-better-witch-huts.pw.toml":{"hash":{"type":"sha256","value":"b7864cf8603327822c713d7e7e4947e0aab2846786b4f99a147cb277d77018b1"},"linkedFileHash":{"type":"sha1","value":"62e2284d1e33b349d0742c5ffa4af1bebe3861b0"},"cachedLocation":"mods/YungsBetterWitchHuts-1.18.2-Forge-1.0.jar","optionValue":true},"mods/additional-additions-forge.pw.toml":{"hash":{"type":"sha256","value":"3986ffbaaddfb4a97d826e37bbc9a734724074679c7a9fe1ff4de9d0eca2abcb"},"linkedFileHash":{"type":"sha1","value":"d4f3a50f7909cb8215cfbb4f627247cfc23e88b3"},"cachedLocation":"mods/additionaladditions-4.0.5.jar","optionValue":true},"mods/starlight-forge.pw.toml":{"hash":{"type":"sha256","value":"cf0274e0db473a80ea8d8442362d3e7e76639018504b9ff37fa61aa6044b8a60"},"linkedFileHash":{"type":"sha1","value":"c7dde83f5fbc864d85842c74a4433a8a5c0f15b7"},"cachedLocation":"mods/starlight-1.0.2+forge.546ae87.jar","optionValue":true},"mods/farmers-delight.pw.toml":{"hash":{"type":"sha256","value":"3226b84f654ab5db4e3b261d511c40719bf23481ddff853bfb6e33af11a5ab51"},"linkedFileHash":{"type":"sha1","value":"353ecdbdb0de5ff2829aadeca608f872fd6c101c"},"cachedLocation":"mods/FarmersDelight-1.18.2-1.1.2.jar","optionValue":true},"mods/construction-wand.pw.toml":{"hash":{"type":"sha256","value":"2a49f23b290c80ba274e622397a1241c3ef1e4c9975e4f816e2ccc892c1d114c"},"linkedFileHash":{"type":"sha1","value":"2a8098dbc632fdf9391f9f1188ecd83591c69fe1"},"cachedLocation":"mods/constructionwand-1.18.2-2.7.jar","optionValue":true},"mods/thermal-locomotion.pw.toml":{"hash":{"type":"sha256","value":"73c95c779a2884fc699b7aa390837dcaca5d9e6d10151cffa092afa8e0037332"},"linkedFileHash":{"type":"sha1","value":"b328f19899b1bb7f0e555177f6720b410a979c61"},"cachedLocation":"mods/thermal_locomotion-1.18.2-1.6.3.8.jar","optionValue":true},"mods/little-logistics.pw.toml":{"hash":{"type":"sha256","value":"556dd971e6d1f9e0548d0d200ef7995d3f0cb65e43170eccb33612b8fe16d83a"},"linkedFileHash":{"type":"sha1","value":"eda5fa22ecc55f3c8f0c7facf58c72a67ce7f7a7"},"cachedLocation":"mods/littlelogistics-mc1.18.2-v1.2.5.jar","optionValue":true},"mods/curios.pw.toml":{"hash":{"type":"sha256","value":"f1e831b83e7e2d9158db8392feb3c513aa3dd36606e937be508a15709f6f0010"},"linkedFileHash":{"type":"sha1","value":"5d8dca2d6c769eccbd21ce6a48ed50d93b5597f4"},"cachedLocation":"mods/curios-forge-1.18.2-5.0.7.1.jar","optionValue":true},"mods/durability-tooltip.pw.toml":{"hash":{"type":"sha256","value":"28d07ef42a05d8481367aa90562fa67f7b1ef6c3fd8060052fe89f3a6efacd9b"},"linkedFileHash":{"type":"sha1","value":"eb1826d3e78aef7ae9bed751b7eac89c76c723f8"},"cachedLocation":"mods/durabilitytooltip-1.1.1-forge-mc1.18.jar","optionValue":true},"mods/ironchests.pw.toml":{"hash":{"type":"sha256","value":"2cc2dc7f5c856a56fc4f22acc026db9debdefc2c013ec27227343ccfc55f8619"},"linkedFileHash":{"type":"sha1","value":"d05194f0415d72dd03d2306b88e4bc71f9b035f7"},"cachedLocation":"mods/ironchests-2.0.3-forge.jar","optionValue":true},"mods/the-twilight-forest.pw.toml":{"hash":{"type":"sha256","value":"9743690593e5dabcd360212cce9fb68cd3dbb4d18dbce710e5f79cea631e8ea0"},"linkedFileHash":{"type":"sha1","value":"4b5c28b6765bb47442b51642063d0af8d31e5a55"},"cachedLocation":"mods/twilightforest-1.18.2-4.1.1102-universal.jar","optionValue":true},"mods/silent-lib.pw.toml":{"hash":{"type":"sha256","value":"96bd96fe6021b16727e73b19753752f7ae298d8bc80adca76db6544ad420bafb"},"linkedFileHash":{"type":"sha1","value":"da1756240a4c1fc8384e6e9c5c8de6b736ad1f57"},"cachedLocation":"mods/silent-lib-1.18.2-6.2.0.jar","optionValue":true},"mods/appleskin.pw.toml":{"hash":{"type":"sha256","value":"191b7a13538f73f7ca8553e4368d22e8675dcc6778df67e772f4e58b2fcd334a"},"linkedFileHash":{"type":"sha1","value":"36c297edae79cd9c33ce3cdb2230bc36fd9523f0"},"cachedLocation":"mods/appleskin-forge-mc1.18-2.4.0.jar","optionValue":true},"mods/thermal-foundation.pw.toml":{"hash":{"type":"sha256","value":"e8c094b697a3fcce31e7f271984c5ed0c47b766a4c883cce40e1d90537e0b1ac"},"linkedFileHash":{"type":"sha1","value":"44272848a5e7898c402f7c9b37cba61f72534042"},"cachedLocation":"mods/thermal_foundation-1.18.2-1.6.3.28.jar","optionValue":true},"mods/shulker-drops-two.pw.toml":{"hash":{"type":"sha256","value":"6466e91d48ad8be959f0cc194afc1fe32b940f2721a75c15d7845a8d71803dff"},"linkedFileHash":{"type":"sha1","value":"ee2ce9223ba8e09fecd16b408711114f581b5ad2"},"cachedLocation":"mods/shulkerdropstwo_1.18.2-1.8.jar","optionValue":true},"mods/quark.pw.toml":{"hash":{"type":"sha256","value":"323bf0949b42dbb97a7c35d17f436a7b2c7eb463cc97f46a54469ff3a0bad027"},"linkedFileHash":{"type":"sha1","value":"18919f757e7fd1b4d4b4e0e0de1ea978ead34179"},"cachedLocation":"mods/Quark-3.2-358.jar","optionValue":true},"mods/chunky-pregenerator-forge.pw.toml":{"hash":{"type":"sha256","value":"c8694ea4d92dd85ca8ad22b0b2e42fef3558311105887eb838344224a4358a4a"},"linkedFileHash":{"type":"sha1","value":"7b5b160f9378af5218bf22c9ec61d623a65e4eae"},"cachedLocation":"mods/Chunky-1.2.164.jar","optionValue":true},"mods/rftools-control.pw.toml":{"hash":{"type":"sha256","value":"bb2f5ccd92a81fd8f26dabf7b32b063d6625db4e8635b6e52f0a799de3e01e57"},"linkedFileHash":{"type":"sha1","value":"36d2c1b7af11aa239c4f9ba7d3b8f2ffa6f7d1a7"},"cachedLocation":"mods/rftoolscontrol-1.18-5.0.6.jar","optionValue":true},"mods/dynamiclights-reforged.pw.toml":{"hash":{"type":"sha256","value":"0943b652d4e0778622c99801b870208a39782c040a73413648ab93240fcd2088"},"linkedFileHash":{"type":"sha1","value":"1bcfd46c1952c6ca7ba854271828fe7e3d361883"},"cachedLocation":"mods/dynamiclightsreforged-1.18.2_v1.3.3.jar","optionValue":true},"mods/immersive-engineering.pw.toml":{"hash":{"type":"sha256","value":"fd212d3a0013876ab1b18151f38f80cd265955cf4d0d6e148eb5edd969adf501"},"linkedFileHash":{"type":"sha1","value":"1e7b98ff0ef1a39ff4df15ad978b56024dfab327"},"cachedLocation":"mods/ImmersiveEngineering-1.18.2-8.0.2-149.jar","optionValue":true},"mods/better-advancements.pw.toml":{"hash":{"type":"sha256","value":"6280b2e15c30ff8ed504cae2a9dd9aa5bca660a9442e7f19517d2755155c37a9"},"linkedFileHash":{"type":"sha1","value":"2539ac57507e5af3a640041edebbe0f389aed911"},"cachedLocation":"mods/BetterAdvancements-1.18.2-0.2.1.132.jar","optionValue":true},"mods/enchantment-descriptions.pw.toml":{"hash":{"type":"sha256","value":"73d644b07a288484efb86cd033389a79a21664381932aa429cfd97913c4d91c9"},"linkedFileHash":{"type":"sha1","value":"6afc64e4b477c29b76d7e04a5a14db55cb83a051"},"cachedLocation":"mods/EnchantmentDescriptions-Forge-1.18.2-10.0.4.jar","optionValue":true},"mods/archers-paradox.pw.toml":{"hash":{"type":"sha256","value":"d6c61abf1ce325e6c8445b834425935c74d31d5918e88770c3579453e605f746"},"linkedFileHash":{"type":"sha1","value":"bc87b5c1c10c34035b467756183f2ae3850e94cf"},"cachedLocation":"mods/archers_paradox-1.18.2-1.6.1.6.jar","optionValue":true},"mods/simple-backups.pw.toml":{"hash":{"type":"sha256","value":"043d9b858f45115cce27aca9f7e39dc59bef3351b69f5f393ee808d15ad26374"},"linkedFileHash":{"type":"sha1","value":"eda095e39e93a5876ad653a8956b043860d900c7"},"cachedLocation":"mods/SimpleBackups-1.18.2-1.1.8.jar","optionValue":true},"mods/citadel.pw.toml":{"hash":{"type":"sha256","value":"dbe6a9e42390a6e5fa08ebd31c44567981ec8face7afff290930d542bd87f6e7"},"linkedFileHash":{"type":"sha1","value":"ca5d46c752f10dae0d77d41a52527f6eacd1895e"},"cachedLocation":"mods/citadel-1.11.3-1.18.2.jar","optionValue":true},"mods/clumps.pw.toml":{"hash":{"type":"sha256","value":"3b188291f70174653470ae7722bd0edc019f538b2d7a100158e6d55fa51a14f9"},"linkedFileHash":{"type":"sha1","value":"01df8448eb2b01ff64457917d95ac40f8a18012d"},"cachedLocation":"mods/Clumps-forge-1.18.2-8.0.0+10.jar","optionValue":true},"mods/iron-jetpacks.pw.toml":{"hash":{"type":"sha256","value":"a40004e8a3a703d72e2fd185dca86802d41a4544341011d9dc6ffa520626560e"},"linkedFileHash":{"type":"sha1","value":"5afa9ae3e10f40ee8e1e0eb34c5e686da11a9d58"},"cachedLocation":"mods/IronJetpacks-1.18.2-5.1.2.jar","optionValue":true},"mods/mystical-agriculture.pw.toml":{"hash":{"type":"sha256","value":"21b8b5090043383981575c186c69efcf8d0f0321347419e83225f70b626f6f5e"},"linkedFileHash":{"type":"sha1","value":"14c809535abe2597cfb716e1a8f251fbd2751329"},"cachedLocation":"mods/MysticalAgriculture-1.18.2-5.1.0.jar","optionValue":true},"mods/control-engineering.pw.toml":{"hash":{"type":"sha256","value":"a0170247ae8ce4c8123017e656315641fefee167005d1ee22869465caa8b415d"},"linkedFileHash":{"type":"sha1","value":"d48a5c13e7cd9c97d62ae4bc400b85a8c0921a17"},"cachedLocation":"mods/ControlEngineering-0.1.1.jar","optionValue":true},"mods/placebo.pw.toml":{"hash":{"type":"sha256","value":"772cb7c52e2c2ce7cef9a9099d4e054dda8cc414dfc3cf09b5c5e5b1fe334902"},"linkedFileHash":{"type":"sha1","value":"bef11d89b5dc6ac78c235c3995fe24ef6d569b15"},"cachedLocation":"mods/Placebo-1.18.2-6.4.1.jar","optionValue":true},"mods/rechiseled.pw.toml":{"hash":{"type":"sha256","value":"9712641d9636b08f77133035c011681888a86c9404af007b9024fe00a6ee608c"},"linkedFileHash":{"type":"sha1","value":"a0cc11405721cb8933bb5158577e27c62a663367"},"cachedLocation":"mods/rechiseled-1.0.10a-mc1.18.jar","optionValue":true},"mods/enhanced-celestials.pw.toml":{"hash":{"type":"sha256","value":"6e4a34c104bf7f0754535a7738369b5da8ec28afa98fd7cfff583185da0a66ec"},"linkedFileHash":{"type":"sha1","value":"be050476b2ca2311cdd56eb0b49f6df95990b338"},"cachedLocation":"mods/Enhanced_Celestials-forge-1.18.2-2.0.7.jar","optionValue":true},"mods/fastfurnace.pw.toml":{"hash":{"type":"sha256","value":"5a857e5ab8720ccd0ec879a6812f25f273a63c2e6af04958da7bff202dd7dd7c"},"linkedFileHash":{"type":"sha1","value":"e1813c2e5202a3a6c920dd70bad65c4590fbd7fd"},"cachedLocation":"mods/FastFurnace-1.18.2-6.0.3.jar","optionValue":true},"mods/mouse-tweaks.pw.toml":{"hash":{"type":"sha256","value":"93091b397f6ac25759b98be7034767689407bb344c464a9359642122a8b683db"},"linkedFileHash":{"type":"sha1","value":"dc64a2a0df9b205114768a89482fe57ffac54143"},"cachedLocation":"mods/MouseTweaks-forge-mc1.18-2.21.jar","optionValue":true},"mods/biggerreactors.pw.toml":{"hash":{"type":"sha256","value":"2fdf4c7e0aef53289d0b2c5e787874ac9d19701411f6e9849d2adc5d2821cb42"},"linkedFileHash":{"type":"sha1","value":"3d6adc7210a0e35628ec6f608e6fba257bf32530"},"cachedLocation":"mods/biggerreactors-1.18.2-0.6.0-beta.1.1.jar","optionValue":true},"mods/my-server-is-compatible.pw.toml":{"hash":{"type":"sha256","value":"8b9af4d0f8b912ac1ec8fe7ab8291dc7384f9db13e18bf7a8eb4f054d685449f"},"linkedFileHash":{"type":"sha1","value":"455200ac38543e609032a14b86e41ca146e98774"},"cachedLocation":"mods/MyServerIsCompatible-1.18-1.0.jar","optionValue":true},"mods/login-protection.pw.toml":{"hash":{"type":"sha256","value":"7a27909655cd8ac42af80b47f95c6dfb05f102072b340198063ec8134cd7f778"},"linkedFileHash":{"type":"sha1","value":"ab261db2d3783a3c6007192f86bc676759cc24c7"},"cachedLocation":"mods/logprot-1.18.2-1.6.jar","optionValue":true},"mods/tips.pw.toml":{"hash":{"type":"sha256","value":"9f02a6146c9801de1351707c0ebb2291b57ec1f08d06dfc8574870664ae2ef02"},"linkedFileHash":{"type":"sha1","value":"ba4bc6c272ba562b91aa5cb91508759f737233f1"},"cachedLocation":"mods/Tips-Forge-1.18.2-5.0.3.jar","optionValue":true}},"cachedSide":"client"}